line,joy,trust,fear,surprise,sadness,disgust,anger,anticipation
1.0,0.03138369963369963,0.013828754578754578,0.016027561550936164,0.013717733247145012,0.012375694137304043,0.012113042787965387,0.016301642586859302,0.010838235294117647
2.0,0.01995891690009337,0.010837732528908997,0.010500882926269925,0.008673898799285797,0.009855889724310776,0.011532795349358816,0.012691712942486937,0.007751167133520076
3.0,0.045474746100133086,0.023015998707175175,0.023788522273506797,0.019511505636892634,0.021711474198316302,0.02509649091305438,0.027295631612969076,0.016887308769661713
